ΚΑΛΛΥΝΤΙΚΑ  ,1728,,,,
ΠΡΟΣΩΠΟ  ,1868,,,,
ΚΑΘΑΡΙΣΜΟΣ - ΝΤΕΜΑΚΙΓΙΑΖ ,1722,,,,
ΥΓΡΑ ΣΑΠΟΥΝΙΑ,1922,1912,1786,1787,1540
ΓΑΛΑΚΤΩΜΑΤΙΑ - LOTION,1651,1912,1787,1587,1588
GEL ΚΑΘΑΡΙΣΜΟΥ,1472,1912,1774,1795,1744
SCRUB (ΑΠΟΛΕΠΙΣΗ),1535,1912,1786,1750,1715
ΜΑΝΤΗΛΑΚΙΑ,1783,1912,1791,1761,1715
ΣΤΕΡΕΑ ΣΑΠΟΥΝΙΑ,1885,1912,1443,1830,1715
ΝΕΡΟ (MICELLAR WATER),1811,1912,1715,1588,1715
ΜΑΣΚΕΣ ΚΑΘΑΡΙΣΜΟΥ,1790,1912,1539,1774,1795
ΑΦΡΟΙ - MOUSSE,1619,1912,1443,1750,1715
ΤΟΝΩΣΗ – ΛΑΜΨΗ – ΠΕΡΙΠΟΙΗΣΗ ,1913,,,,
ΤΟΝΟΤΙΚΕΣ ΛΟΣΙΟΝ (TONERS),1912,1922,1539,1787,1588
ΟΡΟΙ (SERUM),1830,1750,1588,1811,1756
ΛΑΔΙΑ – ΕΛΙΞΗΡΙΑ,1762,1651,1444,1787,1588
ΚΡΕΜΕΣ,1741,1535,1786,1763,1540
BOOSTERS,1442,1588,1741,1535,1922
ΜΑΣΚΕΣ ΛΑΜΨΗΣ,1791,1811,1750,1715,1706
ΑΠΟΤΡΙΧΩΣΗ,1606,1750,1756,1706,
ΕΝΥΔΑΤΩΣΗ ,1693,,,,
ΚΡΕΜΕΣ ΕΝΥΔΑΤΩΣΗΣ,1750,1651,1811,1912,1540
ΚΡΕΜΕΣ BB\CC\DD,1744,1444,1912,,
SERUM,1539,1588,1790,1750,
ΙΑΜΑΤΙΚΑ ΝΕΡΑ,1715,1912,1811,1588,
ΜΑΣΚΕΣ,1786,1535,1619,1912,1444
BOOSTERS,1443,1588,1741,1885,
ΛΑΔΙΑ - ΕΛΙΞΗΡΙΑ,1761,1651,1588,1444,
ΑΝΤΙΓΗΡΑΝΣΗ,1582,,,,
ΑΝΤΙΓΗΡΑΝΤΙΚΕΣ ΚΡΕΜΕΣ,1588,,,,
 ΓΙΑ ΤΙΣ ΠΡΩΤΕΣ ΡΗΤΙΔΕΣ 25+,1424,1922,1912,1790,1535
ΑΝΤΙΓΗΡΑΝΤΙΚΕΣ 35+,1586,1619,1912,1791,1535
ΑΝΤΙΓΗΡΑΝΤΙΚΕΣ ΚΡΕΜΕΣ ΚΑΙ ΣΥΣΦΙΞΗ 45+,1591,1651,1912,1787,1535
ΑΝΤΙΓΗΡΑΝΤΙΚΕΣ ΚΡΕΜΕΣ ΚΑΙ ΕΠΑΝΟΡΘΩΣΗ 55+,1590,1651,1912,1787,1535
ΛΑΙΜΟΣ & ΝΤΕΚΟΛΤΕ,1763,1588,1444,1468,1756
ΑΝΤΙΓΗΡΑΝΤΙΚΕΣ ΑΜΠΟΥΛΕΣ,1587,1468,1697,1444,
ΚΡΕΜΕΣ BB\CC\DD,1745,1539,1912,,
SERUM,1540,1588,1762,1783,
ΜΑΣΚΕΣ,1787,1442,1750,1922,
BOOSTERS,1444,1588,1651,1587,
FILLERS,1468,1786,1830,1591,1912
ΛΑΔΙΑ,1756,1591,1587,1912,1651
ΕΠΙΔΕΡΜΙΔΕΣ ΜΕ ΠΡΟΒΛΗΜΑΤΑ,1698,,,,
ΛΙΠΑΡΟ ΔΕΡΜΑ – ΑΚΜΗ,1774,,,,
ΚΑΘΑΡΙΣΜΟΣ,1718,1790,1742,1683,
ΚΡΕΜΕΣ,1742,1790,1718,1683,
ΕΙΔΙΚΕΣ ΘΕΡΑΠΕΙΕΣ,1683,1790,1742,1718,
ΜΑΥΡΑ ΣΤΙΓΜΑΤΑ,1795,1790,1922,1535,1912
ΕΡΥΘΡΟΤΗΤΑ – ΕΥΡΥΑΓΓΕΙΕΣ – ΚΟΚΚΙΝΙΛΕΣ,1704,1715,1786,,
ΕΥΑΙΣΘΗΤΕΣ ΕΠΙΔΕΡΜΙΔΕΣ,1706,1715,1786,,
ΠΑΝΑΔΕΣ – ΚΗΛΙΔΕΣ,1843,1744,1786,1744,
ΣΗΜΑΔΙΑ- ΟΥΛΕΣ- ΑΝΑΠΛΑΣΗ,1882,1744,1786,1744,
ΜΑΤΙΑ,1793,,,,
ΕΝΥΔΑΤΙΚΕΣ ΚΡΕΜΕΣ,1692,1744,1750,1539,1951
ΑΝΤΙΓΗΡΑΝΤΙΚΕΣ ΚΡΕΜΕΣ,1589,1588,1444,1763,1951
ΚΡΕΜΕΣ ΓΙΑ ΤΟΥΣ ΜΑΥΡΟΥΣ ΚΥΚΛΟΥΣ ΚΑΙ ΤΙΣ ΣΑΚΟΥΛΕΣ,1749,1750,1588,1539,1951
ΚΡΕΜΕΣ ΑΝΟΡΘΩΣΗΣ ΒΛΕΦΑΡΩΝ,1746,1951,1750,1588,1762
SERUM,1951,1539,1692,1589,1749
ΜΑΣΚΕΣ,1788,1951,1692,1589,
ΝΤΕΜΑΚΙΓΙΑΖ ΜΑΤΙΩΝ,1814,1692,1589,,
ΒΛΕΦΑΡΙΔΕΣ – ΦΡΥΔΙΑ,1643,1814,1588,1750,
ΚΡΕΜΕΣ ΠΡΟΣΩΠΟΥ - ΜΑΤΙΩΝ,1751,1539,1444,,
ΧΕΙΛΙΑ,1937,,,,
ΚΡΕΜΕΣ ΓΙΑ ΤΑ ΜΑΤΙΑ ΚΑΙ ΧΕΙΛΗ,1748,1588,1830,,
LIP BALM,1498,1748,1740,1499,
LIP STICK,1500,1748,1740,1499,
ΑΝΤΗΛΙΑΚΑ LIPSTICK,1580,1869,1870,1498,
ΜΑΚΙΓΙΑΖ,1780,,,,
ΜΑΣΚΑΡΑ,1784,1814,1811,1651,1783
ΜΑΣΚΑΡΑ ΦΡΥΔΙΩΝ,1785,1814,1811,1651,1783
ΜΟΛΥΒΙ ΦΡΥΔΙΩΝ,1803,1814,1811,1651,1783
ΠΟΥΔΡΕΣ,1861,1513,1744,1651,1783
MAKE UP – FOUNDATION,1513,1861,1744,1651,1783
ΚΡΑΓΙΟΝ - ΜΟΛΥΒΙΑ ΧΕΙΛΙΩΝ,1740,1811,1499,1784,
LIP GLOSS,1499,1811,1740,1784,
BRONZER,1448,1811,1513,1861,1457
CONCEALER,1457,1811,1513,1861,1814
ΜΑΝΟ,1782,1982,1984,1978,
ΕΙΔΙΚΑ ΓΙΑ ΤΟΝ ΑΝΔΡΑ,1677,,,,
ΞΥΡΙΣΜΑ,1824,,,,
ΑΦΡΟΙ ΞΥΡΙΣΜΑΤΟΣ,1620,1428,1747,,
AFTER SHAVE,1428,1620,1750,,
ΚΡΕΜΕΣ ΓΙΑ ΕΡΕΘΙΣΜΟΥΣ,1747,1750,,,
ΑΝΔΡΙΚΗ ΣΕΙΡΑ,1576,1620,1428,1747,
ΣΩΜΑ,1907,,,,
ΚΑΘΑΡΙΣΜΟΣ,1719,,,,
ΑΦΡΟΛΟΥΤΡΑ,1621,1694,1601,1757,1975
ΑΠΟΛΕΠΙΣΗ,1601,1694,1583,,
ΑΛΑΤΑ – ΕΛΑΙΑ ΜΠΑΝΙΟΥ,1569,1694,1621,,
ΣΤΕΡΕΑ ΣΑΠΟΥΝΙΑ,1886,1694,1757,1601,
ΠΕΡΙΠΟΙΗΣΗ,1846,,,,
ΕΝΥΔΑΤΩΣΗ,1694,1621,1601,1569,
ΑΝΤΙΓΗΡΑΝΣΗ,1583,1621,1601,,
ΑΡΩΜΑΤΑ - ΜΙΣΤ,1610,1621,1602,1694,
ΑΠΟΣΜΗΤΙΚΑ,1602,1621,1602,1694,
ΛΑΔΙΑ,1757,1621,1601,1886,
ΑΠΟΤΡΙΧΩΣΗ,1607,1601,1694,,
ΤΑΤΟΥΑΖ,1909,1694,,,
ΑΔΥΝΑΤΙΣΜΑ,1561,,,,
ΑΔΥΝΑΤΙΣΜΑ – ΣΥΣΦΙΞΗ,1563,1892,,,
ΚΥΤΤΑΡΙΤΙΔΑ,1754,1563,1892,,
ΣΥΣΦΙΞΗ ΣΤΗΘΟΥΣ,1905,1694,1583,,
ΣΥΜΠΛΗΡΩΜΑΤΑ ΔΙΑΤΡΟΦΗΣ,1892,1563,,,
ΕΠΙΔΕΡΜΙΔΕΣ ΜΕ ΠΡΟΒΛΗΜΑΤΑ,1699,,,,
ΞΗΡΟΔΕΡΜΙΑ,1821,,,,
ΑΤΟΠΙΚΑ ΔΕΡΜΑΤΑ,1614,,,,
ΨΩΡΙΑΣΗ ,1949,,,,
ΟΥΛΕΣ – ΣΗΜΑΔΙΑ - ΑΝΑΠΛΑΣΗ,1833,,,,
ΔΕΡΜΑΤΙΤΙΔΑ- ΕΡΕΘΙΣΜΟΙ- ΚΝΗΣΜΟΣ,1662,,,,
ΕΙΔΙΚΑ ΓΙΑ ΤΟΝ ΑΝΔΡΑ,1678,,,,
ΑΦΡΟΛΟΥΤΡΑ,1622,1576,1428,,
ΑΡΩΜΑΤΑ,1609,1576,1428,,
ΑΠΟΣΜΗΤΙΚΑ,1603,1576,1428,,
MIST,1516,1576,1428,,
ΜΑΛΛΙΑ,1781,,,,
ΣΑΜΠΟΥΑΝ,1879,,,,
ΤΡΙΧΟΠΤΩΣΗ,1915,1916,1893,,
ΚΑΝΟΝΙΚΑ ΜΑΛΛΙΑ,1730,1486,1486,1658,1463
ΞΗΡΑ ΜΑΛΛΙΑ,1818,1819,1820,1817,
ΛΙΠΑΡΑ ΜΑΛΛΙΑ,1770,1771,1772,1769,1463
ΒΑΜΜΕΝΑ ΜΑΛΛΙΑ,1625,1626,1560,1758,1655
ΛΕΥΚΑ – ΓΚΡΙΖΑ ΜΑΛΛΙΑ,1765,,,,
ΚΑΤΑΣΤΡΑΜΕΝΑ – ΑΔΥΝΑΜΑ ΜΑΛΛΙΑ,1735,1758,1819,1734,
ΛΙΠΑΡΗ ΠΙΤΥΡΙΔΑ,1773,1771,1658,,
ΞΗΡΟΔΕΡΜΙΑ - ΠΙΤΥΡΙΔΑ,1822,1854,,,
ΕΥΑΙΣΘΗΤΟ - ΕΡΕΘΙΣΜΕΝΟ ΤΡΙΧΩΤΟ,1707,1486,,,
ΣΜΗΓΜΑΤΟΡΡΟΙΚΗ ΔΕΡΜΑΤΙΤΙΔΑ - ΑΤΟΠΙΑ,1884,1614,,,
ΚΑΘΗΜΕΡΙΝΗ ΧΡΗΣΗ,1725,1486,,,
ΓΙΑ ΟΓΚΟ,1657,1658,1463,,
ΕΞΙΣΟΡΡΟΠΙΣΗΣ,1696,1770,,,
ΣΑΜΠΟΥΑΝ & CONDITIONER (2 ΣΕ 1),1880,1486,,,
ΠΙΤΥΡΙΔΑ,1853,1854,,,
ΛΟΣΙΟΝ - ΑΓΩΓΕΣ,1775,,,,
ΤΡΙΧΟΠΤΩΣΗ,1916,1915,1893,,
ΞΗΡΑ ΜΑΛΛΙΑ,1819,1818,1820,1817,1758
ΛΙΠΑΡΑ ΜΑΛΛΙΑ,1771,1770,1772,1769,1463
DRY SHAMPOO,1463,1770,1772,1769,1658
ΒΑΜΜΕΝΑ ΜΑΛΛΙΑ,1626,1625,1820,1817,1655
ΠΙΤΥΡΙΔΑ,1854,1853,,,
CONDITIONER,1458,,,,
ΞΗΡΑ ΜΑΛΛΙΑ,1820,1817,1819,1818,
ΛΙΠΑΡΑ ΜΑΛΛΙΑ,1772,1770,1463,1771,1769
KANONIKA ΜΑΛΛΙΑ,1486,1730,1486,1463,1655
ΠΙΤΥΡΙΔΑ,1855,1853,1854,1486,
ΑΔΥΝΑΜΑ ΜΑΛΛΙΑ,1560,1735,1658,1758,1734
ΓΙΑ ΟΓΚΟ,1658,1463,1657,,
ΓΙΑ ΛΑΜΨΗ,1655,1730,1486,1758,
ΜΑΣΚΕΣ,1789,,,,
ΞΗΡΑ,1817,1818,1819,1820,
ΛΙΠΑΡΑ,1769,1770,1463,1772,
KANONIKA,1486,1730,1463,1486,
ΚΑΤΑΣΤΡΑΜΕΝΑ – ΑΔΥΝΑΜΑ,1734,1818,1560,1658,
STYLING,1546,1879,,,
ΛΑΔΙΑ,1758,1879,,,
ΒΑΦΕΣ,1629,1625,1626,1734,
ΣΥΜΠΛΗΡΩΜΑΤΑ ΔΙΑΤΡΟΦΗΣ,1893,1915,1734,1916,
ΕΙΔΙΚΑ ΓΙΑ ΤΟΝ ΑΝΔΡΑ,1679,1677,1824,,
ΑΝΤΗΛΙΑΚΑ,1578,,,,
ΠΡΟΣΩΠΟΥ,1869,,,,
ΚΡΕΜΕΣ - ΓΑΛΑΚΤΩΜΑΤΑ,1743,1649,1759,1543,
ΜΕ  ΧΡΩΜΑ,1796,1745,1744,1580,
ΑΝΤΙΓΗΡΑΝΤΙΚΕΣ,1585,1744,1650,,
ΓΙΑ ΕΥΑΙΑΣΘΗΤΕΣ ΕΠΙΔΕΡΜΙΔΕΣ,1654,1650,1557,1760,
ANTISPOT,1434,1557,1650,1760,
MAT ΑΠΟΤΕΛΕΣΜΑ - ΒΕΛΟΥΔΙΝΗ ΥΦΗ,1514,1543,1557,,
ΓΙΑ ΛΙΠΑΡΕΣ ΕΠΙΔΕΡΜΙΔΕΣ,1656,,,,
ΠΡΟΣΩΠΟΥ – ΣΩΜΑΤΟΣ,1870,,,,
ΓΑΛΑΚΤΩΜΑΤΑ,1649,1760,1557,1796,
SPRAY,1543,1796,1557,1580,
ΛΑΔΙΑ,1759,1760,1743,,
ΣΩΜΑΤΟΣ,1908,,,,
ΓΑΛΑΚΤΩΜΑΤΑ,1650,1743,1796,1543,
SPRAY - MOUSSE,1544,1543,1514,,
ΛΑΔΙΑ,1760,1759,1654,,
WET SKIN-DRY MIST-ANTI SAND,1557,1543,1796,,
ΠΑΙΔΙΚΑ ΑΝΤΗΛΙΑΚΑ,1840,,,,
BABY,1438,1696,1720,,
KIDS - ENFANTS,1489,1974,1623,,
ΑΝΤΗΛΙΑΚΑ ΓΙΑ ΜΑΛΛΙΑ,1581,1758,1734,,
ΕΙΔΙΚΑ ΑΝΤΗΛΙΑΚΑ,1675,1699,,,
SELF TAN,1537,1760,1601,,
AFTER SUN,1429,1715,1786,,
ΕΙΔΙΚΑ ΓΙΑ ΤΟΝ ΑΝΔΡΑ,1680,1677,,,
ΣΥΜΠΛΗΡΩΜΑΤΑ ΔΙΑΤΡΟΦΗΣ ,1896,,,,
ΒΙΤΑΜΙΝΕΣ & ΣΥΝΔΥΑΣΜΟΙ ΤΟΥΣ 21,1636,,,,
"VITΑΜΙΝΕ A , Β- ΚΑΡΟΤΕΝΙΟ",1553,1899,,,
ΣΥΜΠΛΕΓΜΑ B,1890,,,,
ΒΙΤΑΜΙΝΗ Β1 – ΘΕΙΑΜΙΝΗ ,1637,1900,1899,,
ΒΙΤΑΜΙΝΗ Β2 – ΡΙΒΟΦΛΑΒΙΝΗ,1639,1900,1899,,
ΒΙΤΑΜΙΝΗ Β3 – ΝΙΑΣΙΝΗ,1640,1900,1942,1899,
ΒΙΤΑΜΙΝΗ Β5 – ΠΑΝΤΟΘΕΝΙΚΟ ΟΞΥ,1641,1900,1573,1899,
ΒΙΤΑΜΙΝΗ Β6 – ΠΥΡΙΔΟΞΙΝΗ,1642,1900,1942,1899,
PABA – ΠΑΡΑΑΜΙΝΟΒΕΝΖΟΪΚΟ ΟΞΥ,1520,1900,1597,1899,
ΒΙΤΑΜΙΝΗ Β12 – ΚΟΒΑΛΑΜΙΝΗ,1638,1900,1574,1899,
ΒΙΟΤΙΝΗ,1635,1900,1816,,
ΦΟΛΙΚΟ ΟΞΥ,1934,1900,1574,1899,
ΣΥΝΔΥΑΣΜΟΙ ΣΥΜΠΛΕΓΜΑΤΟΣ Β,1900,,,,
VITΑΜΙΝΕ C,1554,1597,1899,,
VITΑΜΙΝΕ D,1555,1952,1899,,
VITΑΜΙΝΕ E,1556,1899,1899,,
VITΑΜΙΝΕ K,1952,1555,1899,,
ΣΥΝΔΥΑΣΜΟΙ ΒΙΤΑΜΙΝΩΝ,1899,1899,1897,1858,
"ΜΕΤΑΛΛΑ, ΙΧΝΟΣΤΟΙΧΕΙΑ & ΣΥΝΔΥΑΣΜΟΙ ΤΟΥΣ",1799,,,,
ΑΣΒΕΣΤΙΟ,1611,1897,,,
ΒΟΡΙΟ,1645,1897,,,
ΙΩΔΙΟ,1717,1897,,,
ΚΑΛΙΟ,1727,1897,,,
ΜΑΓΓΑΝΙΟ,1778,1897,,,
ΜΑΓΝΗΣΙΟ,1779,1897,,,
ΠΥΡΙΤΙΟ,1874,1897,,,
ΣΕΛΗΝΙΟ,1881,1897,,,
ΣΙΔΗΡΟΣ,1883,1897,,,
ΧΑΛΚΟΣ,1936,1897,,,
ΧΡΩΜΙΟ,1945,1897,,,
ΨΕΥΔΑΡΓΥΡΟΣ,1948,1897,,,
ΣΥΝΔΥΑΣΜΟΙ,1897,1858,,,
ΠΟΛΥΒΙΤΑΜΙΝΟΥΧΑ & ΣΥΜΠΛΕΓΜΑΤΑ,1858,1899,1897,,
ΕΙΔΙΚΑ ΣΥΜΠΛΗΡΩΜΑΤΑ,1682,,,,
ΥΑΛΟΥΡΟΝΙΚΟ,1920,1831,1659,,
ΚΟΛΑΓΟΝΟ,1737,1831,1697,,
Α-ΛΙΠΟΙΚΟ ΟΞΥ,1570,1812,,,
ΠΡΩΤΟΓΑΛΑ,1873,1630,,,
ΧΟΝΔΡΟΣ ΚΑΡΧΑΡΙΑ,1944,1831,,,
ΓΛΟΥΚΟΣΑΜΙΝΕΣ- ΧΟΝΔΡΟΙΤΙΝΗ -MSM,1659,1831,1920,,
ΣΥΝΕΝΖΥΜΟ Q10,1901,1597,,,
ΟΥΣΙΩΔΗ ΛΙΠΑΡΑ ΟΞΕΑ,1837,1942,,,
ΠΡΟΒΙΟΤΙΚΑ - ΠΡΕΒΙΟΤΙΚΑ,1863,1653,,,
ΜΕΛΑΤΟΝΙΝΗ,1797,1559,,,
CLA,1456,1892,,,
ΗΛΕΚΤΡΟΛΥΤΕΣ,1710,1618,1565,,
ΒΑΣΙΛΙΚΟΣ ΠΟΛΤΟΣ,1628,1689,,,
ΦΛΑΒΟΝΟΕΙΔΗ,1932,1933,,,
ΕΝΖΥΜΑ,1690,1844,,,
ΛΕΚΙΘΙΝΗ,1764,1892,,,
ΧΟΛΙΝΗ,1943,1892,,,
ΑΛΛΑ ΣΥΜΠΛΗΡΩΜΑΤΑ,1572,,,,
ΦΥΤΙΚΑ ΣΥΜΠΛΗΡΩΜΑΤΑ & ΒΟΤΑΝΑ,1935,,,,
AÇAI (ΜΟΥΡΟ),1425,1597,,,
AGNUS CASTUS (ΛΥΓΑΡΙΑ),1430,1672,,,
ALFA ALFA (ΤΡΙΦΥΛΛΙ),1431,1608,,,
ALOE (ΑΛΟΗ),1432,1653,,,
ANDROGRAPHIS,1433,,,,
ARTICHOKE (ΑΓΚΙΝΑΡΑ),1435,1844,,,
ASHWAGANDΗA,1436,1559,,,
ASTRAGALUS,1437,1630,,,
BILBERRY (ΜΥΡΤΙΛΛΟ),1439,1942,,,
BLACK COHOSH,1440,1686,,,
BUTCHER'S BROOM,1449,1933,,,
CAT'S CLAW,1451,1597,,,
CENTAURIUM (ΚΕΝΤΑΥΡΙΟ),1452,,,,
CHLORELLA (ΧΛΩΡΕΛΛΑ),1453,1597,,,
CINNAMON (ΚΑΝΕΛΛΑ),1454,1663,,,
CRANBERRY (ΚΡΑΝΑ),1459,1836,,,
DANDELION ROOT (ΠΙΚΡΑΛΙΔΑ),1460,1851,,,
DEVIL'S CLAW (ΑΡΠΑΓΟΦΥΤΟ),1461,1831,,,
DONG QUAI,1462,1672,,,
ECHINACEA (ΕΧΙΝΑΤΣΙΑ),1464,1630,,,
FENUGREEK (ΤΡΙΓΩΝΕΛΛΑ),1466,1942,,,
FEVERFEW,1467,1852,,,
GARLIC (ΣΚΟΡΔΟ),1470,1852,,,
GINGER (ΠΙΠΕΡΟΡΙΖΑ),1473,1844,,,
GINGKO BILOBA (ΤΖΙΝΓΚΟ ΜΠΙΛΟΜΠΑ),1474,1802,,,
GINSENG (ΤΖΙΝΣΕΓΚ),1475,1689,,,
GOJI,1476,1597,,,
GOTU COLA (ΣΕΝΤΕΛΑ),1477,1933,1892,,
GRAPESEED (ΣΤΑΦΥΛΙ),1478,1933,,,
GREEN COFFEE (ΠΡΑΣΙΝΟΣ ΚΑΦΕΣ),1480,1892,,,
GREEN TEA (ΠΡΑΣΙΝΟ ΤΣΑΪ),1479,1892,,,
GUARANA (ΓΚΟΥΑΡΑΝΑ),1481,1689,,,
HAWTHORNE BERRY (ΚΡΑΤΑΙΓΟΣ),1482,1942,,,
HOLY BASIL,1483,,,,
HORSE CHESTNUT (ΑΓΡΙΟΚΑΣΤΑΝΟ),1485,1567,,,
LIQORICE (ΓΛΥΚΟΡΙΖΑ),1501,1633,,,
LUFFA (ΛΟΥΦΑ),1510,1876,,,
MACA (ΜΑΚΑ),1512,1889,,,
MILK THISTLE (ΓΑΪΔΟΥΡΑΓΚΑΘΟ),1515,1605,,,
NETTLE - ΤΣΟΥΚΝΙΔΑ,1517,1866,,,
OLIVE LEAF (ΦΥΛΛΑ ΕΛΙΑΣ),1518,1597,,,
OREGANO (ΡΙΓΑΝΗ),1519,1596,,,
PASSIFLORA (ΠΑΣΣΙΦΛΟΡΑ),1521,1559,,,
PAU D'ARCO,1522,1844,,,
POMEGRANATE (ΡΟΔΙ),1524,1554,1597,,
RED CLOVER (ΚΟΚΚΙΝΟ ΤΡΙΦΥΛΛΙ),1527,1686,,,
REISHI (ΓΑΝΟΔΕΡΜΑ),1529,1597,,,
RESVERATROL (ΡΕΣΒΕΡΑΤΡΟΛΗ),1530,,,,
RHODIOLA (ΡΟΔΙΟΛΑ/ ΡΟΔΙΟΣ ΡΙΖΑ),1531,1802,,,
RUTIN (ΡΟΥΤΙΝΗ),1533,,,,
SAW PALMETTO (ΣΕΡΕΝΟΑ),1534,1866,,,
SCUTELLARIAE (ΣΚΟΥΤΕΛΛΑΡΙΑ),1536,1573,,,
SLIPERY ELM (ΦΤΕΛΙΑ),1541,1567,,,
SPIRULINA (ΣΠΙΡΟΥΛΙΝΑ),1542,1597,,,
ST.JOHNS WORT (ΒΑΛΣΑΜΟΧΟΡΤΟ),1545,1559,,,
TURMERIC (ΚΟΥΡΚΟΥΜΑΣ),1549,1600,,,
URTICA (ΤΣΟΥΚΝΙΔΑ),1550,1732,,,
UVA URSI,1551,1732,,,
VALERIANA (ΒΑΛΕΡΙΑΝΑ),1552,1559,,,
YARROW (ΑΧΙΛΛΕΑ),1558,,,,
ΛΟΥΙΖΑ,1777,1892,,,
LYCOPENE (ΛΥΚΟΠΕΝΙΟ),1511,1597,,,
BREWERS YEAST (ΜΑΓΙΑ ΜΠΥΡΑΣ),1446,1900,,,
CITRUS (ΚΙΤΡΟ),1455,,,,
ROSE HIPS (ΑΓΡΙΑ ΤΡΙΑΝΤΑΦΥΛΛΙΑ),1532,1831,,,
ACEROLA,1426,,,,
PSYLLIUM,1525,1671,,,
CASCARA,1450,1671,,,
ACIDOPHILLUS,1427,,,,
EVENING PRIMROSE (ΝΥΧΤΟΛΟΥΛΟΥΔΟ),1465,1676,,,
BOSWELLIA,1445,1831,,,
HORNY GOAT,1484,,,,
ΙΠΠΟΦΑΕΣ,1716,1689,,,
ΜΑΣΤΙΧΑ,1792,1844,,,
ΚΡΟΚΟΣ,1752,,,,
BROMELAIN,1447,,,,
BLUEBERRY (ΒΑΤΟΜΟΥΡΟ),1441,,,,
PINE APPLE (ΑΝΑΝΑΣ),1523,1844,,,
QUERCETIN,1526,1573,,,
RED YEAST RICE,1528,1942,,,
ΑΝΘΟΙΑΜΑΤΑ,1577,,,,
KELP,1488,1714,,,
ΑΛΛΑ ΒΟΤΑΝΑ,1571,,,,
ΠΡΩΤΕΪΝΕΣ & ΑΜΙΝΟΞΕΑ,1871,,,,
L-ARGININE,1492,1681,,,
L-CARNITINE,1493,1892,,,
L-CITRULLINE,1494,1565,,,
L-CYSTEINE,1495,1816,,,
L-GLUTAMINE,1496,1565,,,
L-GLUTATHIONE,1497,1597,,,
L-LYSINE,1502,1703,,,
L-METHIONINE,1503,1597,,,
L-ORNITHINE,1504,1565,,,
TAURINE,1548, ,,,
L-PHENILALANINE,1505,1812,,,
L-PROLINE,1506,1831,,,
L-THEANINE,1507,1559,,,
L-TYROSINE,1509,1559,,,
L-TRYPTOPHAN (5-HTP),1508,1559,,,
GABA,1469,,,,
L-ALANINE,1491,,,,
ΑΘΛΗΤΕΣ,1565,1898,,,
ΣΥΝΔΥΑΣΜΟΙ,1898,,,,
L- HISTIDINE,1636,,,,
TAURINE,1548,,,,
ΠΑΙΔΙΚΑ ΣΥΜΠΛΗΡΩΜΑΤΑ,1841,,,,
ΥΓΙΕΙΝΗ ΔΙΑΤΡΟΦΗ,1921,,,,
ΥΠΟΚΑΤΑΣΤΑΤΑ ΖΑΧΑΡΗΣ,1927,1928,1663,,
ΥΠΟΚΑΤΑΣΤΑΤΑ ΚΑΦΕ,1928,1927,,,
ΥΠΟΚΑΤΑΣΤΑΤΑ ΑΛΑΤΙΟΥ,1925,1852,,,
ΧΩΡΙΣ ΛΑΚΤΟΖΗ,1947,,,,
ΧΩΡΙΣ ΓΛΟΥΤΕΝΗ,1946,,,,
ΥΠΟΚΑΤΑΣΤΑΤΑ ΓΕΥΜΑΤΟΣ,1926,,,,
ΒΙΟΛΟΓΙΚΑ ΠΡΟΙΟΝΤΑ,1634,,,,
ΡΟΦΗΜΑΤΑ,1877,,,,
ΑΝΤΙΜΕΤΩΠΙΣΗ ΠΡΟΒΛΗΜΑΤΩΝ,1595,,,,
ΑΔΥΝΑΤΙΣΜΑ,1892,,,,
ΑΛΛΕΡΓΙΑ,1573,,,,
ΑΝΑΙΜΙΑ,1574,,,,
ΑΝΤΙΓΗΡΑΝΣΗ,1584,,,,
ΑΝΤΙΟΞΕΙΔΩΤΙΚΑ ,1597,,,,
ΑΝΤΙΦΛΕΓΜΟΝΩΔΗ,1600,,,,
ΑΠΟΤΟΞΙΝΩΣΗ ΣΥΚΩΤΙΟΥ,1605,,,,
ΑΡΘΡΙΤΙΔΑ,1608,,,,
ΑΣΦΑΛΕΣ ΜΑΥΡΙΣΜΑ,1613,,,,
ΒΕΛΤΙΩΣΗ ΑΝΟΣΟΠΟΙΗΤΙΚΟΥ,1630,,,,
ΒΗΧΑΣ/ ΛΟΙΜΩΞΕΙΣ/ ΙΩΣΕΙΣ,1633,,,,
ΔΙΑΒΗΤΗΣ,1663,,,,
ΔΙΑΡΡΟΙΑ,1666,,,,
ΔΥΣΑΝΕΞΙΑ ΣΤΗ ΛΑΚΤΟΖΗ,1670,,,,
ΔΥΣΚΟΙΛΙΟΤΗΤΑ,1671,,,,
ΕΓΚΥΜΟΣΥΝΗ,1673,,,,
ΕΜΜΗΝΟΠΑΥΣΗ,1686,,,,
ΕΝΕΡΓΕΙΑ - ΤΟΝΩΣΗ,1689,,,,
ΕΡΠΗΣ,1703,,,,
ΘΥΡΕΟΕΙΔΗΣ,1714,,,,
ΚΑΤΑΚΡΑΤΗΣΗ ΥΓΡΩΝ - ΔΙΟΥΡΗΤΙΚΑ,1732,,,,
ΚΡΥΟΛΟΓΗΜΑ,1753,,,,
ΚΥΤΤΑΡΙΤΙΔΑ,1755,,,,
ΜΝΗΜΗ - ΝΟΗΤΙΚΕΣ ΛΕΙΤΟΥΡΓΙΕΣ,1802,,,,
ΜΥΪΚΟΙ ΠΟΝΟΙ - ΠΙΑΣΙΜΑΤΑ,1804,,,,
ΝΑΥΤΙΑ,1810,,,,
ΝΕΥΡΟΠΑΘΗΤΙΚΟΣ ΠΟΝΟΣ - ΧΡΟΝΙΟΣ ΠΟΝΟΣ,1812,,,,
ΟΣΤΕΟΠΟΡΩΣΗ,1832,,,,
ΟΥΡΙΚΟ ΟΞΥ,1835,,,,
ΟΥΡΟΠΟΙΗΤΙΚΟ,1836,,,,
ΠΕΤΡΑ - ΑΜΜΟΣ ΣΤΟΥΣ ΝΕΦΡΟΥΣ,1851,,,,
ΠΟΛΥΚΥΣΤΙΚΕΣ ΩΟΘΗΚΕΣ,1859,,,,
ΟΣΤΑ & ΠΡΟΒΛΗΜΑΤΑ ΑΡΘΡΩΣΕΩΝ,1831,,,,
ΠΡΟΒΛΗΜΑΤΑ ΟΡΑΣΗΣ,1864,,,,
ΠΡΟΣΤΑΤΗΣ,1866,,,,
ΑΓΧΟΣ -ΣΤΡΕΣ - ΑΫΠΝΙΑ,1559,,,,
ΣΤΥΤΙΚΗ ΔΥΣΛΕΙΤΟΥΡΓΙΑ - ΧΑΜΗΛΗ LIBIDO,1889,,,,
ΓΑΣΤΡΕΝΤΕΡΙΚΟ,1653,,,,
ΤΡΙΧΟΠΤΩΣΗ,1893,,,,
ΦΛΕΒΙΚΗ ΑΝΕΠΑΡΚΕΙΑ -ΦΛΕΒΙΤΙΔΑ - ΚΙΡΣΟΙ,1933,,,,
ΠΕΠΤΙΚΟ (ΦΟΥΣΚΩΜΑ - ΔΥΣΠΕΨΙΑ),1844,,,,
ΧΟΛΗΣΤΕΡΙΝΗ - ΚΑΡΔΙΑΓΓΕΙΑΚΗ ΛΕΙΤΟΥΡΓΙΑ,1942,,,,
ΑΦΙΔΑΤΩΣΗ,1618,,,,
ΕΙΔΙΚΑ ΓΙΑ ΤΟΝ ΑΝΔΡΑ,1681,,,,
ΕΙΔΙΚΑ ΓΙΑ ΤΗ ΓΥΝΑΙΚΑ,1676,,,,
ΑΠΟΤΟΞΙΝΩΣΗ  ,1614,,,,
ΔΥΣΜΗΝΟΡΡΟΙΑ,1672,,,,
ΠΙΕΣΗ,1852,,,,
ΑΙΜΟΡΡΟΙΔΕΣ,1567,,,,
ΜΥΚΗΤΕΣ,1596,,,,
ΡΟΧΑΛΗΤΟ,1878,,,,
ΕΠΙΔΕΡΜΙΔΑ & ΟΜΟΡΦΙΑ,1697,,,,
ΥΠΟΓΟΝΙΜΟΤΗΤΑ,1924,,,,
ΝΥΧΙΑ - ΜΑΛΛΙΑ - ΔΕΡΜΑ,1816,,,,
ΠΟΝΟΚΕΦΑΛΟΣ,1860,,,,
ΜΗΤΕΡΑ & ΠΑΙΔΙ,1801,,,,
ΜΗΤΕΡΑ,1800,,,,
ΕΓΚΥΜΟΣΥΝΗ,1674,,,,
ΠΡΟΦΥΛΑΞΗ ΑΠΟ ΡΑΓΑΔΕΣ,1954,1673,,,
ΠΡΗΣΜΕΝΑ ΠΟΔΙΑ,1953,1992,1997,,
ΣΥΜΠΛΗΡΩΜΑΤΑ ΔΙΑΤΡΟΦΗΣ,1673,1611,1883,1934,
ΔΙΑΦΟΡΑ,1668,,,,
ΜΕΤΑ ΤΗ ΓΕΝΝΑ,1798,,,,
ΡΑΓΑΔΕΣ,1956,1894,1833,,
ΣΥΣΦΙΞΗ ΣΤΗΘΟΥΣ,1905,1563,1892,,
ΘΗΛΑΣΜΟΣ,1955,1894,,,
ΣΥΜΠΛΗΡΩΜΑΤΑ ΔΙΑΤΡΟΦΗΣ,1894,1955,,,
ΜΩΡΟ,1808,,,,
ΠΕΡΙΠΟΙΗΣΗ ΣΩΜΑΤΟΣ,1849,,,,
ΚΑΘΑΡΙΣΜΟΣ,1720,,,,
ΑΦΡΟΛΟΥΤΡΑ – ΣΑΜΠΟΥΑΝ,1623,1696,1957,,
ΜΩΡΟΜΑΝΤΗΛΑ,1809,1809,1696,1957,
ΕΝΥΔΑΤΩΣΗ,1696,,,,
ΛΟΣΙΟΝ – ΓΑΛΑΚΤΩΜΑΤΑ - ΛΑΔΙΑ,1776,1720,1862,1738,1957
ΠΟΥΔΡΕΣ ,1862,1720,1776,1738,1957
ΚΟΛΩΝΙΕΣ,1738,1720,1957,1776,1862
ΑΛΛΑΓΗ ΠΑΝΑΣ – ΕΡΕΘΙΣΜΟΙ,1957,1720,1696,1960,
ΜΑΤΙΑ- ΜΥΤΗ,1958,,,,
ΝΙΝΙΔΑ – ΒΡΕΦΙΚΗ ΑΚΜΗ,1959,,,,
ΑΤΟΠΙΚΗ ΔΕΡΜΑΤΙΤΙΔΑ,1960,,,,
ΕΙΔΙΚΗ ΦΡΟΝΤΙΔΑ,1684,,,,
ΑΝΤΗΛΙΑΚΑ,1438,,,,
ΟΥΛΑ & ΔΟΝΤΑΚΙΑ,1961,,,,
ΤΡΟΦΗ,1918,,,,
ΓΑΛΑΤΑ,1962,1965,1966,1963,1964
ΚΡΕΜΕΣ & ΕΤΟΙΜΕΣ ΤΡΟΦΕΣ,1963,1962,1964,1965,1966
ΠΑΙΔΙΚΑ ΡΟΦΗΜΑΤΑ,1964,1965,1963,1962,1966
ΑΝΤΙΜΕΤΩΠΙΣΗ ΚΟΛΙΚΩΝ,1965,1964,1966,1962,1973
ΣΥΜΠΛΗΡΩΜΑΤΑ ΔΙΑΤΡΟΦΗΣ,1966,1965,1964,1962,1962
ΒΡΕΦΙΚΑ ΑΞΕΣΟΥΑΡ,1647,,,,
ΠΙΠΙΛΕΣ,1967,1968,1969,1968,1965
ΘΗΛΕΣ,1968,1969,1967,1962,1968
ΜΠΙΜΠΕΡΟ,1969,1968,1962,1965,1968
ΔΙΑΦΟΡΑ,1968,1967,1968,1969,
ΠΑΙΔΙ,1839,,,,
ΚΑΘΑΡΙΣΜΟΣ,1721,,,,
ΑΦΡΟΛΟΥΤΡΑ – ΣΑΜΠΟΥΑΝ,1623,1850,1547,,
CONDITIONERS,1972,1547,,,
ΠΕΡΙΠΟΙΗΣΗ ΣΩΜΑΤΟΣ,1850,,,,
ΕΝΥΔΑΤΩΣΗ,1974,1623,1972,1547,
ΕΥΑΙΣΘΗΤΑ ΔΕΡΜΑΤΑ,1973,,,,
ΑΤΟΠΙΚΗ ΔΕΡΜΑΤΙΤΙΔΑ,2023,,,,
ΚΟΛΩΝΙΕΣ,1738,1721,,,
ΑΛΛΕΡΓΙΑ,1473,,,,
STYLING,1547,1738,1972,,
ΡΙΝΙΚΗ ΑΠΟΣΥΜΦΟΡΗΣΗ,1875,,,,
ΜΩΛΩΠΕΣ - ΚΤΥΠΗΜΑΤΑ,1806,,,,
ΑΝΤΙΦΘΕΙΡΙΚΑ,1599,,,,
ΑΝΤΙΚΟΥΝΟΥΠΙΚΑ,1592,1919,,,
ΠΑΙΔΙΚΕΣ ΤΡΟΦΕΣ,1842,1841,,,
ΣΥΜΠΛΗΡΩΜΑΤΑ ΔΙΑΤΡΟΦΗΣ,1841,1842,,,
ΑΝΤΗΛΙΑΚΑ,1489,,,,
ΦΑΡΜΑΚΕΙΟ,1929,,,,
ΣΤΟΜΑΤΙΚΗ ΥΓΙΕΙΝΗ,1888,,,,
ΟΔΟΝΤΟΚΡΕΜΕΣ,1826,,,,
ΠΑΙΔΙΚΕΣ,2011,2013,2016,1961,1828
ΕΝΗΛΙΚΩΝ,2012,,,,
ΛΕΥΚΑΝΣΗ ΔΟΝΤΙΩΝ,1766,2014,2015,2017,1813
ΕΥΑΙΣΘΗΤΑ ΔΟΝΤΙΑ & ΟΥΛΑ,1705,2014,2015,2017,1813
ΠΛΑΚΑ - ΤΕΡΗΔΟΝΑ,1856,2014,2015,2017,1813
ΟΥΛΙΤΙΔΑ,1834,2014,2015,2017,1813
ΟΡΘΟΔΟΝΤΙΚΗ ΦΡΟΝΤΙΔΑ,1828,2014,2015,2017,1813
ΞΗΡΟΣΤΟΜΙΑ,1823,2014,2015,2017,1813
ΚΑΚΟΣΜΙΑ,1726,2014,2015,2017,1813
ΑΦΘΕΣ,1617,2014,2015,2017,1813
ΚΑΤΑΛΛΗΛΑ ΓΙΑ ΟΜΟΙΟΠΑΘΗΤΙΚΗ,1733,2014,2015,2017,1813
ΟΔΟΝΤΟΒΟΥΡΤΣΕΣ,1825,,,,
ΠΑΙΔΙΚΕΣ,2013,2011,2016,1961,1828
ΕΝΗΛΙΚΩΝ,2014,2012,2015,2017,1813
ΗΛΕΚΤΡΙΚΕΣ,2015,2013,2012,2017,1813
ΣΤΟΜΑΤΙΚΑ ΔΙΑΛΥΜΑΤΑ,1887,,,,
ΠΑΙΔΙΚΑ,2016,2011,2013,1961,1828
ΕΝΗΛΙΚΩΝ,2017,2012,2014,2015,1813
ΝΗΜΑΤΑ – ΜΕΣΟΔΟΝΤΙΑ,1813,2012,2014,2017,2015
ΤΕΧΝΗΤΕΣ ΟΔΟΝΤΟΣΤΟΙΧΙΕΣ,1910,2017,,,
ΕΙΔΙΚΗ ΦΡΟΝΤΙΔΑ,1684,1726,1617,2017,1471
GEL ΓΙΑ ΤΟ ΣΤΟΜΑ,1471,1705,2017,2012,
ΟΡΘΟΠΕΔΙΚΑ,1829,,,,
ΑΥΧΕΝΑΣ,1616,2018,2019,,
ΧΕΡΙΑ,1939,2018,2020,1701,
ΚΟΡΜΟΣ,1739,2018, ,2020,
ΓΟΝΑΤΟ,1660,2018,2020,2021,1701
ΑΣΤΡΑΓΑΛΟΣ,1612,2020,2021,1701,
ΒΟΥΒΩΝΟΚΗΛΗ - ΟΜΦΑΛΟΚΗΛΗ,1646,,,,
ΚΑΛΤΣΕΣ – ΚΑΛΣΟΝ,1729,1933,,,
ΑΘΛΗΤΙΚΕΣ ΤΑΙΝΙΕΣ ΣΥΓΚΡΑΤΗΣΗΣ (KINESIO) – TAPE,1566,1565,1939,1739,1660
ΒΟΗΘΗΜΑΤΑ ΚΙΝΗΣΗΣ,1644,1831,1660,1612,2020
ΑΝΤΙΜΕΤΩΠΙΣΗ ΠΟΝΟΥ,1594, ,,,
ΑΛΟΙΦΕΣ,2018,1804,1616,1831,2019
ΕΜΠΛΑΣΤΡΑ,2019,1804,1831,1739,2018
ΠΑΓΟΚΥΣΤΕΣ – ΘΕΡΜΟΦΟΡΕΣ,2020,1804,1831,1939,1660
ΨΥΚΤΙΚΑ SPRAY,2021,1804,1831,1660,1612
ΠΕΡΙΠΟΙΗΣΗ ΕΥΑΙΣΘΗΤΗΣ ΠΕΡΙΟΧΗΣ,1848,,,,
ΚΑΘΑΡΙΣΜΟΣ,1975,1976,1702,,
ΕΝΥΔΑΤΩΣΗ,1976,1975,1768,,
ΕΡΕΘΙΣΜΟΙ,1702,1975,1977,,
ΑΝΤΙΜΥΚΗΤΙΑΣΙΚΗ ΔΡΑΣΗ,1596,1975,1596,1977,
ΕΜΜΗΝΟΣ ΡΥΣΗ,1688,1975,1672,,
ΕΜΜΗΝΟΠΑΥΣΗ,1687,1975,1686,,
ΣΥΜΠΛΗΡΩΜΑΤΑ ΔΙΑΤΡΟΦΗΣ,1977,1975,,,
ΠΕΡΙΟΧΗ ΤΟΥ ΠΡΩΚΤΟΥ,1845,1567,,,
ΛΙΠΑΝΤΙΚΑ,1768,1975,1702,1975,
ΔΙΑΤΑΡΑΧΕΣ ΤΗΣ ΧΛΩΡΙΔΑΣ,1667,1975,1768,1977,
ΠΕΡΙΠΟΙΗΣΗ ΑΚΡΩΝ,1847,,,,
ΧΕΡΙΑ,1940,,,,
ΕΝΥΔΑΤΩΣΗ -ΠΡΟΣΤΑΣΙΑ,1978,1981,,,
ΑΝΤΙΓΗΡΑΝΣΗ – ΠΑΝΑΔΕΣ,1979,1981,,,
ΜΥΡΜΗΓΚΙΕΣ,1980,1981,,,
ΣΑΠΟΥΝΙΑ ,1981,1978,1979,,
ΝΥΧΙΑ,1815,,,,
ΠΕΡΙΠΟΙΗΣΗ - ΕΝΔΥΝΑΜΩΣΗ,1982,1984,1782,1816,
ΜΥΚΗΤΕΣ,1805,1984,1816,,
ΟΝΥΧΟΦΑΓΙΑ,1983,1816,,,
ΣΥΜΠΛΗΡΩΜΑΤΑ  ,1984,1982,1816,,
ΠΟΔΙΑ,1857,,,,
ATHLETES FOOT,1985,1990,,,
ΔΙΑΒΗΤΙΚΟ ΠΟΔΙ,1986,1663,2007,,
ΔΙΑΧΩΡΙΣΤΙΚΑ ΔΑΚΤΥΛΩΝ – ΚΑΛΥΠΤΙΚΑ,1987,1991,,,
ΕΥΡΥΑΓΓΕΙΕΣ - ΦΛΕΒΙΤΙΔΑ,1933,1729,1933,,
ΘΕΡΜΑΝΤΙΚΕΣ ΚΡΕΜΕΣ,1989,1992,,,
SPRAY & ΠΟΥΔΡΕΣ (ΚΑΚΟΣΜΙΑ),1990,1985,,,
ΚΑΛΟΙ – ΦΟΥΣΚΑΛΕΣ - ΣΚΛΗΡΥΝΣΕΙΣ - ΚΟΤΣΙΑ,1991,1987,,,
ΚΟΥΡΑΣΜΕΝΑ ΠΟΔΙΑ,1992,1995,1993,,
ΠΑΤΟΙ - ΠΕΛΜΑΤΑ,1993,1992,,,
ΠΕΡΙΠΟΙΗΣΗ ΦΤΕΡΝΑΣ,1994,1996,,,
ΠΟΔΟΛΟΥΤΡΑ - ΑΛΑΤΑ,1995,1992,,,
ΡΑΣΠΕΣ – ΛΙΜΕΣ – ΝΥΧΟΚΟΠΤΕΣ,1996,1994,,,
ΞΗΡΟΔΕΡΜΙΑ,1997,1998,,,
ΧΙΟΝΙΣΤΡΕΣ,1998,1997,,,
ΔΙΑΓΝΩΣΗ,1664,,,,
ΣΥΣΚΕΥΕΣ,1903,,,,
ΠΙΕΣΟΜΕΤΡΑ,1999,1852,1942,1732,
ΟΞΥΜΕΤΡΑ,2000,2004,1904,2001,1630
ΡΟΟΜΕΤΡΑ,2001,2004,2000,1904,1630
ΒΗΜΑΤΟΜΕΤΡΗΤΕΣ – ΘΕΡΜΙΔΟΜΕΤΡΗΤΕΣ,2002,1892,1708,,
ΜΕΤΡΗΤΕΣ ΧΟΛΗΣΤΕΡΙΝΗΣ – ΤΡΙΓΛΥΚΕΡΙΔΙΩΝ,2003,2008,2007,1942,
ΝΕΦΕΛΟΠΟΙΗΤΕΣ,2004,1904,2001,2000,1630
ΔΙΑΓΝΩΣΤΙΚΑ TEST,1665,,,,
TEST ΕΓΚΥΜΟΣΥΝΗΣ,2005,2006,1673,,
TEST ΩΟΡΗΞΙΑΣ,2006,2005,1924,,
ΑΝΑΛΩΣΙΜΑ ΣΑΚΧΑΡΩΔΗ ΔΙΑΒΗΤΗ,2007,2009,1663,1986,
TEST ΧΟΛΗΣΤΕΡΙΝΗΣ – ΤΡΙΓΛΥΚΕΡΙΔΙΩΝ,2008,2007,1942,,
TEST ΟΥΡΩΝ,2009,2007,,,
ΕΠΙΔΕΣΜΙΚΑ,1700,,,,
ΓΑΖΕΣ,1648,1807,1701,1767,1598
ΕΠΙΔΕΣΜΟΙ,1701,1939,1612,1660,1807
ΛΕΥΚΟΠΛΑΣΤ,1767,1807,1648,1598,
ΤΡΑΥΜΑΠΛΑΣΤ,1914,1807,1648,,
ΟΦΘΑΛΜΙΚΑ ΕΠΙΘΕΜΑΤΑ,1838,1661,1723,,
ΜΑΤΙΑ ΚΑΙ ΑΥΤΙΑ,1794,,,,
ΥΓΡΑ ΦΑΚΩΝ ΕΠΑΦΗΣ,1923,1661,,,
ΔΑΚΡΥΑ - ΚΟΛΥΡΙΑ,1661,1723,1864,,
ΑΥΤΙΑ,1615,1950,,,
ΚΑΘΑΡΙΣΜΟΣ ΒΛΕΦΑΡΩΝ,1723,1661,,,
ΣΥΜΠΛΗΡΩΜΑΤΑ ΓΙΑ ΤΑ ΜΑΤΙΑ,1864,1661,1723,,
ΠΡΟΙΟΝΤΑ ΑΚΡΑΤΕΙΑΣ,1865,1731,1724,,
ΤΟ ΦΑΡΜΑΚΕΙΟ ΣΤΟ ΣΠΙΤΙ,1911,,,,
ΑΕΡΟΘΑΛΑΜΟΙ ΕΙΣΠΝΟΩΝ,1564,2000,2004,1841,1904
ΑΙΜΟΣΤΑΤΙΚΑ,1568,1648,1914,1767,1598
ΑΝΤΙΜΕΤΩΠΙΣΗ ΕΓΚΑΥΜΑΤΟΣ,1593,1598,1429,,
ΑΝΤΙΣΗΠΤΙΚΑ - ΑΠΟΛΥΜΑΝΤΙΚΑ - ΟΡΟΙ,1598,1624,1827,1648,1914
ΒΑΜΒΑΚΙ – ΧΑΡΤΙΚΑ,1624,1598,1827,1648,1914
ΒΗΧΑΣ - ΠΟΝΟΛΑΙΜΟΣ,1632,1630,1633,1876,
ΓΑΝΤΙΑ,1652,1624,1598,,
ΔΟΧΕΙΑ ΟΥΡΩΝ & ΚΟΠΡΑΝΩΝ,1669,1724,,,
ΖΥΓΑΡΙΕΣ,1708,1892,,,
ΗΛΕΚΤΡΙΚΕΣ ΚΟΥΒΕΡΤΕΣ,1709,2020,,,
ΗΛΕΚΤΡΟΝΙΚΟ ΤΣΙΓΑΡΟ,1711,1941,,,
ΘΕΡΜΟΜΕΤΡΑ - ΚΟΜΠΡΕΣΕΣ ΠΥΡΕΤΟΥ,1712,1630,1753,1938,
ΘΗΚΕΣ ΧΑΠΙΩΝ - ΧΑΠΟΚΟΦΤΕΣ,1713,1902,,,
ΚΑΘΕΤΗΡΕΣ- ΟΥΡΟΣΥΛΛΕΚΤΕΣ,1724,1669,,,
ΟΙΝΟΠΝΕΥΜΑ – ΟΞΥΖΕΝΕ – ΑΛΟΥΜΙΝΟΝΕΡΟ,1827,1598,1648,1767,1914
ΡΙΝΙΚΗ ΑΠΟΣΥΜΦΟΡΙΣΗ,1876,1875,1630,1633,1753
ΣΦΟΥΓΓΑΡΙΑ,1906,1623,1621,1623,
ΣΥΡΡΙΓΓΕΣ,1902,1624,1724,,
ΣΥΣΚΕΥΕΣ ΟΞΥΓΟΝΟΥ,1904,2000,2004,1564,1630
ΜΩΛΩΠΕΣ -ΤΡΑΥΜΑΤΑ - ΕΠΟΥΛΩΣΗ,1807,1598,1648,1914,1833
ΤΣΙΜΠΗΜΑΤΑ ΕΝΤΟΜΩΝ,1919,1592,1691,,
ΦΙΛΤΡΑ ΚΑΠΝΙΣΜΑΤΟΣ,1930,,,,
ΦΙΛΤΡΑ ΝΕΡΟΥ,1931,1597,1605,,
ΧΕΙΡΟΥΡΓΙΚΕΣ ΜΑΣΚΕΣ,1938,1624,1648,1632,1753
ΚΑΤΑΚΛΙΣΗ,1731,1957,,,
ΔΙΑΦΟΡΑ,1668,,,,
ΕΝΤΟΜΟΚΤΟΝΑ,1691,1919,1592,,
ΩΤΟΑΣΠΙΔΕΣ,1950,1615,,,
ΠΡΩΤΕΣ ΥΛΕΣ,1872,,,,
ΕΛΑΙΑ & ΑΙΘΕΡΙΑ ΕΛΑΙΑ,1685,1627,1941,,
ΒΑΣΕΙΣ,1627,1685,1941,,
ΧΗΜΙΚΑ,1941,1627,1685,,
ΚΑΤΟΙΚΙΔΙΑ,1826,,,,
ΠΡΟΣΦΟΡΕΣ,1867,,,,
